name,src_file,src_line,total_ns,total_perc,counts,mean_ns,min_ns,max_ns,std_ns
par_for_each{query="bevy_ecs::entity::Entity" filter="bevy_ecs::query::filter::Or<(bevy_ecs::query::filter::Changed<bevy_transform::components::transform::Transform>, bevy_ecs::query::filter::Changed<bevy_ecs::hierarchy::ChildOf>, bevy_ecs::query::filter::Added<bevy_transform::components::global_transform::GlobalTransform>)>"},/Users/l-monninger/.cargo/registry/src/index.crates.io-1949cf8c6b5b557f/bevy_ecs-0.19.0/src/query/state.rs,297,802132662,2.737591,103554,7746,83,168042,4379.773790
par_for_each{query="(bevy_ecs::change_detection::params::Ref<'_, bevy_transform::components::global_transform::GlobalTransform>, &mut bevy_pbr::prepass::PreviousGlobalTransform)" filter="bevy_ecs::query::filter::With<bevy_mesh::components::Mesh3d>"},/Users/l-monninger/.cargo/registry/src/index.crates.io-1949cf8c6b5b557f/bevy_ecs-0.19.0/src/query/state.rs,297,29442344,0.100484,16312,1804,41,59042,1109.300398
system{name="bevy_app::propagate::on_r_inserted<bevy_ui::ui_node::ComputedUiTargetCamera, (), bevy_ecs::hierarchy::ChildOf>"},/Users/l-monninger/.cargo/registry/src/index.crates.io-1949cf8c6b5b557f/bevy_ecs-0.19.0/src/system/function_system.rs,52,19024775,0.064929,224001,84,41,11750,76.216267
system{name="bevy_app::propagate::on_r_inserted<bevy_ui::ui_node::ComputedUiRenderTargetInfo, (), bevy_ecs::hierarchy::ChildOf>"},/Users/l-monninger/.cargo/registry/src/index.crates.io-1949cf8c6b5b557f/bevy_ecs-0.19.0/src/system/function_system.rs,52,17389553,0.059349,224014,77,41,9125,70.435695
system{name="lod::scene::refresh::cull_regions::produce::produce_lod_cull_regions<lod::scene::refresh::cull_regions::open_lattice::OpenLattice, bevy_ecs::query::filter::With<bevy_camera::camera::Camera>, chico_sbs_trees_playground::vegetation_lod::VegetationCull>"},/Users/l-monninger/.cargo/registry/src/index.crates.io-1949cf8c6b5b557f/bevy_ecs-0.19.0/src/system/function_system.rs,52,2349177,0.008017,1407,1669,708,21459,1185.352119
system{name="lod::scene::refresh::regions::produce::produce_lod_refresh_regions<lod::scene::refresh::regions::bullseye::Bullseye, bevy_ecs::query::filter::With<bevy_camera::camera::Camera>, chico_sbs_trees_playground::vegetation_lod::VegetationBullseye>"},/Users/l-monninger/.cargo/registry/src/index.crates.io-1949cf8c6b5b557f/bevy_ecs-0.19.0/src/system/function_system.rs,52,1913297,0.006530,1407,1359,167,38167,1640.950360
system_commands{name="bevy_app::propagate::update_source<bevy_ui::ui_node::ComputedUiRenderTargetInfo, (), bevy_ecs::hierarchy::ChildOf>"},/Users/l-monninger/.cargo/registry/src/index.crates.io-1949cf8c6b5b557f/bevy_ecs-0.19.0/src/system/function_system.rs,54,1802918,0.006153,1407,1281,500,9584,358.055145
system{name="bevy_app::propagate::propagate_inherited<bevy_ui::ui_node::ComputedUiTargetCamera, (), bevy_ecs::hierarchy::ChildOf>"},/Users/l-monninger/.cargo/registry/src/index.crates.io-1949cf8c6b5b557f/bevy_ecs-0.19.0/src/system/function_system.rs,52,1640646,0.005599,1407,1166,458,18875,864.673912
multithreaded executor,/Users/l-monninger/.cargo/registry/src/index.crates.io-1949cf8c6b5b557f/bevy_ecs-0.19.0/src/schedule/executor/multi_threaded.rs,395,2167624752,7.397866,1528642,1418,41,206417,2880.860921
system{name="bevy_app::propagate::propagate_inherited<bevy_ui::ui_node::ComputedUiRenderTargetInfo, (), bevy_ecs::hierarchy::ChildOf>"},/Users/l-monninger/.cargo/registry/src/index.crates.io-1949cf8c6b5b557f/bevy_ecs-0.19.0/src/system/function_system.rs,52,1496505,0.005107,1407,1063,417,6209,451.595395
system_commands{name="bevy_app::propagate::update_source<bevy_ui::ui_node::ComputedUiTargetCamera, (), bevy_ecs::hierarchy::ChildOf>"},/Users/l-monninger/.cargo/registry/src/index.crates.io-1949cf8c6b5b557f/bevy_ecs-0.19.0/src/system/function_system.rs,54,1475737,0.005037,1407,1048,417,6041,237.061205
system{name="bevy_app::propagate::update_source<bevy_ui::ui_node::ComputedUiRenderTargetInfo, (), bevy_ecs::hierarchy::ChildOf>"},/Users/l-monninger/.cargo/registry/src/index.crates.io-1949cf8c6b5b557f/bevy_ecs-0.19.0/src/system/function_system.rs,52,1361668,0.004647,1407,967,291,3291,252.496529
system{name="lod::scene::refresh::regions::produce::produce_lod_refresh_regions<lod::scene::refresh::regions::spotlight::Spotlight, bevy_ecs::query::filter::With<bevy_camera::camera::Camera>, chico_sbs_trees_playground::vegetation_lod::VegetationSpotlight>"},/Users/l-monninger/.cargo/registry/src/index.crates.io-1949cf8c6b5b557f/bevy_ecs-0.19.0/src/system/function_system.rs,52,1304596,0.004452,1407,927,125,13333,796.094646
system{name="bevy_app::propagate::update_source<bevy_ui::ui_node::ComputedUiTargetCamera, (), bevy_ecs::hierarchy::ChildOf>"},/Users/l-monninger/.cargo/registry/src/index.crates.io-1949cf8c6b5b557f/bevy_ecs-0.19.0/src/system/function_system.rs,52,981454,0.003350,1407,697,208,16333,484.955236
system{name="bevy_transform::systems::propagate_transforms_for<bevy_ecs::query::filter::Or<(bevy_ecs::query::filter::With<bevy_gizmos::transform_gizmo::TransformGizmoRoot>, bevy_ecs::query::filter::With<bevy_gizmos_render::transform_gizmo_render::GizmoOverlayCamera>, bevy_ecs::query::filter::With<bevy_gizmos::transform_gizmo::TransformGizmoMeshMarker>)>>"},/Users/l-monninger/.cargo/registry/src/index.crates.io-1949cf8c6b5b557f/bevy_ecs-0.19.0/src/system/function_system.rs,52,824323,0.002813,1407,585,166,3250,274.091220
system{name="bevy_app::propagate::update_removed_limit<bevy_ui::ui_node::ComputedUiTargetCamera, (), bevy_ecs::hierarchy::ChildOf>"},/Users/l-monninger/.cargo/registry/src/index.crates.io-1949cf8c6b5b557f/bevy_ecs-0.19.0/src/system/function_system.rs,52,663749,0.002265,1407,471,125,2000,140.664209
system{name="bevy_app::propagate::update_removed_limit<bevy_ui::ui_node::ComputedUiRenderTargetInfo, (), bevy_ecs::hierarchy::ChildOf>"},/Users/l-monninger/.cargo/registry/src/index.crates.io-1949cf8c6b5b557f/bevy_ecs-0.19.0/src/system/function_system.rs,52,629230,0.002147,1407,447,84,23167,633.992011
plugin build{plugin="lod_avian::AvianLodSceneRefreshPlugin<chico_vegetation_components::foliage::node::FoliageNode, chico_sbs_trees_playground::vegetation_lod::VegetationBullseye, bevy_ecs::query::filter::With<bevy_camera::camera::Camera>>"},/Users/l-monninger/.cargo/registry/src/index.crates.io-1949cf8c6b5b557f/bevy_app-0.19.0/src/app.rs,566,615833,0.002102,1,615833,615833,615833,0.000000
system{name="bevy_ecs::schedule::condition::common_conditions::any_match_filter<(bevy_ecs::query::filter::With<bevy_pbr::render::gpu_preprocess::PreprocessBindGroups>, bevy_ecs::query::filter::Without<bevy_pbr::render::gpu_preprocess::SkipGpuPreprocess>, bevy_ecs::query::filter::Without<bevy_render::view::NoIndirectDrawing>)>"},/Users/l-monninger/.cargo/registry/src/index.crates.io-1949cf8c6b5b557f/bevy_ecs-0.19.0/src/system/function_system.rs,52,338887,0.001157,1406,241,41,8167,319.150377
system_commands{name="bevy_app::propagate::propagate_inherited<bevy_ui::ui_node::ComputedUiTargetCamera, (), bevy_ecs::hierarchy::ChildOf>"},/Users/l-monninger/.cargo/registry/src/index.crates.io-1949cf8c6b5b557f/bevy_ecs-0.19.0/src/system/function_system.rs,54,246000,0.000840,1407,174,41,31333,834.837880
plugin build{plugin="lod_avian::AvianLodSceneRefreshPlugin<chico_vegetation_components::sticks::node::StickNode, chico_sbs_trees_playground::vegetation_lod::VegetationBullseye, bevy_ecs::query::filter::With<bevy_camera::camera::Camera>>"},/Users/l-monninger/.cargo/registry/src/index.crates.io-1949cf8c6b5b557f/bevy_app-0.19.0/src/app.rs,566,239333,0.000817,1,239333,239333,239333,0.000000
system{name="avian3d::collision::collider::collider_hierarchy::plugin::on_collider_body_changed"},/Users/l-monninger/.cargo/registry/src/index.crates.io-1949cf8c6b5b557f/bevy_ecs-0.19.0/src/system/function_system.rs,52,17937194,0.061218,224105,80,41,9625,67.465790
system{name="<avian3d::ancestor_marker::AncestorMarkerPlugin<avian3d::collision::collider::backend::ColliderMarker> as bevy_app::plugin::Plugin>::build::{{closure}}"},/Users/l-monninger/.cargo/registry/src/index.crates.io-1949cf8c6b5b557f/bevy_ecs-0.19.0/src/system/function_system.rs,52,16500899,0.056316,224104,73,41,12459,73.460587
system{name="bevy_app::hierarchy::validate_parent_has_component<bevy_camera::visibility::InheritedVisibility>"},/Users/l-monninger/.cargo/registry/src/index.crates.io-1949cf8c6b5b557f/bevy_ecs-0.19.0/src/system/function_system.rs,52,16924143,0.057760,224024,75,41,13083,59.842361
system{name="bevy_app::hierarchy::validate_parent_has_component<bevy_transform::components::global_transform::GlobalTransform>"},/Users/l-monninger/.cargo/registry/src/index.crates.io-1949cf8c6b5b557f/bevy_ecs-0.19.0/src/system/function_system.rs,52,17957911,0.061288,224015,80,41,11500,77.215686
plugin build{plugin="lod::scene::refresh::regions::produce::LodSceneRefreshRegionPlugin<lod::scene::refresh::regions::bullseye::Bullseye, bevy_ecs::query::filter::With<bevy_camera::camera::Camera>, chico_sbs_trees_playground::vegetation_lod::VegetationBullseye>"},/Users/l-monninger/.cargo/registry/src/index.crates.io-1949cf8c6b5b557f/bevy_app-0.19.0/src/app.rs,566,223166,0.000762,1,223166,223166,223166,0.000000
plugin build{plugin="lod_avian::AvianLodSceneRefreshPlugin<chico_vegetation_components::ComponentsOnly<chico_groves::monster_grass::vc::MonsterGrass>, chico_sbs_trees_playground::vegetation_lod::VegetationBullseye, bevy_ecs::query::filter::With<bevy_camera::camera::Camera>>"},/Users/l-monninger/.cargo/registry/src/index.crates.io-1949cf8c6b5b557f/bevy_app-0.19.0/src/app.rs,566,189167,0.000646,1,189167,189167,189167,0.000000
system_commands{name="bevy_app::propagate::propagate_inherited<bevy_ui::ui_node::ComputedUiRenderTargetInfo, (), bevy_ecs::hierarchy::ChildOf>"},/Users/l-monninger/.cargo/registry/src/index.crates.io-1949cf8c6b5b557f/bevy_ecs-0.19.0/src/system/function_system.rs,54,172420,0.000588,1407,122,41,23709,630.728791
plugin build{plugin="lod_avian::AvianLodSceneRefreshPlugin<chico_vegetation_components::ComponentsOnly<chico_groves::braid_grass::vc::BraidGrass>, chico_sbs_trees_playground::vegetation_lod::VegetationBullseye, bevy_ecs::query::filter::With<bevy_camera::camera::Camera>>"},/Users/l-monninger/.cargo/registry/src/index.crates.io-1949cf8c6b5b557f/bevy_app-0.19.0/src/app.rs,566,146959,0.000502,1,146959,146959,146959,0.000000
plugin build{plugin="lod_avian::AvianLodSceneRefreshPlugin<chico_groves::bush_scrub::vc::BushScrub, chico_sbs_trees_playground::vegetation_lod::VegetationBullseye, bevy_ecs::query::filter::With<bevy_camera::camera::Camera>>"},/Users/l-monninger/.cargo/registry/src/index.crates.io-1949cf8c6b5b557f/bevy_app-0.19.0/src/app.rs,566,130417,0.000445,1,130417,130417,130417,0.000000
plugin build{plugin="lod_avian::AvianLodSceneRefreshPlugin<chico_vegetation_components::ComponentsOnly<chico_groves::wild_grass::vc::WildGrass>, chico_sbs_trees_playground::vegetation_lod::VegetationBullseye, bevy_ecs::query::filter::With<bevy_camera::camera::Camera>>"},/Users/l-monninger/.cargo/registry/src/index.crates.io-1949cf8c6b5b557f/bevy_app-0.19.0/src/app.rs,566,125125,0.000427,1,125125,125125,125125,0.000000
plugin build{plugin="lod_avian::AvianLodSceneRefreshPlugin<chico_vegetation_components::ComponentsOnly<chico_groves::tall_grass::vc::TallGrass>, chico_sbs_trees_playground::vegetation_lod::VegetationBullseye, bevy_ecs::query::filter::With<bevy_camera::camera::Camera>>"},/Users/l-monninger/.cargo/registry/src/index.crates.io-1949cf8c6b5b557f/bevy_app-0.19.0/src/app.rs,566,122584,0.000418,1,122584,122584,122584,0.000000
plugin build{plugin="lod_avian::AvianLodSceneRefreshPlugin<chico_vegetation_components::ComponentsOnly<chico_groves::common_tufts::vc::CommonTufts>, chico_sbs_trees_playground::vegetation_lod::VegetationBullseye, bevy_ecs::query::filter::With<bevy_camera::camera::Camera>>"},/Users/l-monninger/.cargo/registry/src/index.crates.io-1949cf8c6b5b557f/bevy_app-0.19.0/src/app.rs,566,115125,0.000393,1,115125,115125,115125,0.000000
plugin build{plugin="lod_avian::AvianLodSceneRefreshPlugin<chico_vegetation_components::ComponentsOnly<chico_sbs_trees::northern_conifer::NorthernConifer>, chico_sbs_trees_playground::vegetation_lod::VegetationBullseye, bevy_ecs::query::filter::With<bevy_camera::camera::Camera>>"},/Users/l-monninger/.cargo/registry/src/index.crates.io-1949cf8c6b5b557f/bevy_app-0.19.0/src/app.rs,566,113791,0.000388,1,113791,113791,113791,0.000000
plugin build{plugin="lod_avian::AvianLodSceneRefreshPlugin<chico_groves::rolling_oaks::vc::RollingOaks, chico_sbs_trees_playground::vegetation_lod::VegetationBullseye, bevy_ecs::query::filter::With<bevy_camera::camera::Camera>>"},/Users/l-monninger/.cargo/registry/src/index.crates.io-1949cf8c6b5b557f/bevy_app-0.19.0/src/app.rs,566,111708,0.000381,1,111708,111708,111708,0.000000
plugin build{plugin="lod_avian::AvianLodSceneRefreshPlugin<chico_vegetation_components::ComponentsOnly<chico_sbs_trees::kamakura_torch::KamakuraTorch>, chico_sbs_trees_playground::vegetation_lod::VegetationBullseye, bevy_ecs::query::filter::With<bevy_camera::camera::Camera>>"},/Users/l-monninger/.cargo/registry/src/index.crates.io-1949cf8c6b5b557f/bevy_app-0.19.0/src/app.rs,566,110875,0.000378,1,110875,110875,110875,0.000000
plugin build{plugin="lod_avian::AvianLodSceneRefreshPlugin<chico_groves::tropical_undergrowth::vc::TropicalUndergrowth, chico_sbs_trees_playground::vegetation_lod::VegetationBullseye, bevy_ecs::query::filter::With<bevy_camera::camera::Camera>>"},/Users/l-monninger/.cargo/registry/src/index.crates.io-1949cf8c6b5b557f/bevy_app-0.19.0/src/app.rs,566,110625,0.000378,1,110625,110625,110625,0.000000
plugin build{plugin="lod_avian::AvianLodSceneRefreshPlugin<chico_vegetation_components::ComponentsOnly<chico_sbs_trees::sopes_banyan::SopesBanyan>, chico_sbs_trees_playground::vegetation_lod::VegetationBullseye, bevy_ecs::query::filter::With<bevy_camera::camera::Camera>>"},/Users/l-monninger/.cargo/registry/src/index.crates.io-1949cf8c6b5b557f/bevy_app-0.19.0/src/app.rs,566,110042,0.000376,1,110042,110042,110042,0.000000
plugin build{plugin="lod_avian::AvianLodSceneRefreshPlugin<chico_groves::forlorn_savanna::vc::ForlornSavanna, chico_sbs_trees_playground::vegetation_lod::VegetationBullseye, bevy_ecs::query::filter::With<bevy_camera::camera::Camera>>"},/Users/l-monninger/.cargo/registry/src/index.crates.io-1949cf8c6b5b557f/bevy_app-0.19.0/src/app.rs,566,110000,0.000375,1,110000,110000,110000,0.000000
plugin build{plugin="lod_avian::AvianLodSceneRefreshPlugin<chico_vegetation_components::ComponentsOnly<chico_sbs_trees::vase_tree::VaseTree>, chico_sbs_trees_playground::vegetation_lod::VegetationBullseye, bevy_ecs::query::filter::With<bevy_camera::camera::Camera>>"},/Users/l-monninger/.cargo/registry/src/index.crates.io-1949cf8c6b5b557f/bevy_app-0.19.0/src/app.rs,566,109875,0.000375,1,109875,109875,109875,0.000000
plugin build{plugin="lod_avian::AvianLodSceneRefreshPlugin<chico_vegetation_components::ComponentsOnly<chico_vegetation_components::placed_vegetation::PlacedVegetation<chico_sbs_trees::date_palm::DatePalm>>, chico_sbs_trees_playground::vegetation_lod::VegetationBullseye, bevy_ecs::query::filter::With<bevy_camera::camera::Camera>>"},/Users/l-monninger/.cargo/registry/src/index.crates.io-1949cf8c6b5b557f/bevy_app-0.19.0/src/app.rs,566,109750,0.000375,1,109750,109750,109750,0.000000
plugin build{plugin="lod_avian::AvianLodSceneRefreshPlugin<chico_vegetation_components::ComponentsOnly<chico_vegetation_components::placed_vegetation::PlacedVegetation<chico_sbs_trees::penmarch_torch::PenmarchTorch>>, chico_sbs_trees_playground::vegetation_lod::VegetationBullseye, bevy_ecs::query::filter::With<bevy_camera::camera::Camera>>"},/Users/l-monninger/.cargo/registry/src/index.crates.io-1949cf8c6b5b557f/bevy_app-0.19.0/src/app.rs,566,109667,0.000374,1,109667,109667,109667,0.000000
plugin build{plugin="lod_avian::AvianLodSceneRefreshPlugin<chico_vegetation_components::ComponentsOnly<chico_groves::tropical_tufts::vc::TropicalTufts>, chico_sbs_trees_playground::vegetation_lod::VegetationBullseye, bevy_ecs::query::filter::With<bevy_camera::camera::Camera>>"},/Users/l-monninger/.cargo/registry/src/index.crates.io-1949cf8c6b5b557f/bevy_app-0.19.0/src/app.rs,566,109500,0.000374,1,109500,109500,109500,0.000000
plugin build{plugin="lod_avian::AvianLodSceneRefreshPlugin<chico_vegetation_components::ComponentsOnly<chico_sbs_trees::penmarch_torch::PenmarchTorch>, chico_sbs_trees_playground::vegetation_lod::VegetationBullseye, bevy_ecs::query::filter::With<bevy_camera::camera::Camera>>"},/Users/l-monninger/.cargo/registry/src/index.crates.io-1949cf8c6b5b557f/bevy_app-0.19.0/src/app.rs,566,108125,0.000369,1,108125,108125,108125,0.000000
plugin build{plugin="lod_avian::AvianLodSceneRefreshPlugin<chico_vegetation_components::ComponentsOnly<chico_sbs_trees::storybook_tree::StorybookTree>, chico_sbs_trees_playground::vegetation_lod::VegetationBullseye, bevy_ecs::query::filter::With<bevy_camera::camera::Camera>>"},/Users/l-monninger/.cargo/registry/src/index.crates.io-1949cf8c6b5b557f/bevy_app-0.19.0/src/app.rs,566,107583,0.000367,1,107583,107583,107583,0.000000
plugin build{plugin="lod_avian::AvianLodSceneRefreshPlugin<chico_vegetation_components::ComponentsOnly<chico_vegetation_components::placed_vegetation::PlacedVegetation<chico_sbs_trees::palm_bush::PalmBush>>, chico_sbs_trees_playground::vegetation_lod::VegetationBullseye, bevy_ecs::query::filter::With<bevy_camera::camera::Camera>>"},/Users/l-monninger/.cargo/registry/src/index.crates.io-1949cf8c6b5b557f/bevy_app-0.19.0/src/app.rs,566,106667,0.000364,1,106667,106667,106667,0.000000
plugin build{plugin="lod_avian::AvianLodSceneRefreshPlugin<chico_vegetation_components::ComponentsOnly<chico_vegetation_components::placed_vegetation::PlacedVegetation<chico_sbs_trees::friends_conifer::FriendsConifer>>, chico_sbs_trees_playground::vegetation_lod::VegetationBullseye, bevy_ecs::query::filter::With<bevy_camera::camera::Camera>>"},/Users/l-monninger/.cargo/registry/src/index.crates.io-1949cf8c6b5b557f/bevy_app-0.19.0/src/app.rs,566,105458,0.000360,1,105458,105458,105458,0.000000
plugin build{plugin="lod_avian::AvianLodSceneRefreshPlugin<chico_vegetation_components::ComponentsOnly<chico_vegetation_components::placed_vegetation::PlacedVegetation<chico_sbs_trees::temperate_conifer::TemperateConifer>>, chico_sbs_trees_playground::vegetation_lod::VegetationBullseye, bevy_ecs::query::filter::With<bevy_camera::camera::Camera>>"},/Users/l-monninger/.cargo/registry/src/index.crates.io-1949cf8c6b5b557f/bevy_app-0.19.0/src/app.rs,566,105375,0.000360,1,105375,105375,105375,0.000000
plugin build{plugin="lod_avian::AvianLodSceneRefreshPlugin<chico_groves::strange_oasis::vc::StrangeOasis, chico_sbs_trees_playground::vegetation_lod::VegetationBullseye, bevy_ecs::query::filter::With<bevy_camera::camera::Camera>>"},/Users/l-monninger/.cargo/registry/src/index.crates.io-1949cf8c6b5b557f/bevy_app-0.19.0/src/app.rs,566,105291,0.000359,1,105291,105291,105291,0.000000
plugin build{plugin="lod_avian::AvianLodSceneRefreshPlugin<chico_vegetation_components::ComponentsOnly<chico_sbs_trees::rorys_head_trained::RorysHeadTrained>, chico_sbs_trees_playground::vegetation_lod::VegetationBullseye, bevy_ecs::query::filter::With<bevy_camera::camera::Camera>>"},/Users/l-monninger/.cargo/registry/src/index.crates.io-1949cf8c6b5b557f/bevy_app-0.19.0/src/app.rs,566,104750,0.000358,1,104750,104750,104750,0.000000
plugin build{plugin="lod_avian::AvianLodSceneCullPlugin<chico_vegetation_components::foliage::node::FoliageNode, chico_sbs_trees_playground::vegetation_lod::VegetationCull, bevy_ecs::query::filter::With<bevy_camera::camera::Camera>>"},/Users/l-monninger/.cargo/registry/src/index.crates.io-1949cf8c6b5b557f/bevy_app-0.19.0/src/app.rs,566,104584,0.000357,1,104584,104584,104584,0.000000
plugin build{plugin="lod_avian::AvianLodSceneRefreshPlugin<chico_groves::conifer_sapling::vc::ConiferSapling, chico_sbs_trees_playground::vegetation_lod::VegetationBullseye, bevy_ecs::query::filter::With<bevy_camera::camera::Camera>>"},/Users/l-monninger/.cargo/registry/src/index.crates.io-1949cf8c6b5b557f/bevy_app-0.19.0/src/app.rs,566,103791,0.000354,1,103791,103791,103791,0.000000
plugin build{plugin="lod_avian::AvianLodSceneRefreshPlugin<chico_vegetation_components::ComponentsOnly<chico_vegetation_components::placed_vegetation::PlacedVegetation<chico_sbs_trees::northern_conifer::NorthernConifer>>, chico_sbs_trees_playground::vegetation_lod::VegetationBullseye, bevy_ecs::query::filter::With<bevy_camera::camera::Camera>>"},/Users/l-monninger/.cargo/registry/src/index.crates.io-1949cf8c6b5b557f/bevy_app-0.19.0/src/app.rs,566,103584,0.000354,1,103584,103584,103584,0.000000
plugin build{plugin="lod_avian::AvianLodSceneRefreshPlugin<chico_vegetation_components::ComponentsOnly<chico_vegetation_components::placed_vegetation::PlacedVegetation<chico_sbs_trees::kamakura_torch::KamakuraTorch>>, chico_sbs_trees_playground::vegetation_lod::VegetationBullseye, bevy_ecs::query::filter::With<bevy_camera::camera::Camera>>"},/Users/l-monninger/.cargo/registry/src/index.crates.io-1949cf8c6b5b557f/bevy_app-0.19.0/src/app.rs,566,103125,0.000352,1,103125,103125,103125,0.000000
plugin build{plugin="lod_avian::AvianLodSceneRefreshPlugin<chico_vegetation_components::ComponentsOnly<chico_vegetation_components::placed_vegetation::PlacedVegetation<chico_sbs_trees::jungle_storybook_tree::JungleStorybookTree>>, chico_sbs_trees_playground::vegetation_lod::VegetationBullseye, bevy_ecs::query::filter::With<bevy_camera::camera::Camera>>"},/Users/l-monninger/.cargo/registry/src/index.crates.io-1949cf8c6b5b557f/bevy_app-0.19.0/src/app.rs,566,102875,0.000351,1,102875,102875,102875,0.000000
plugin build{plugin="lod_avian::AvianLodSceneRefreshPlugin<chico_groves::storytellers::vc::Storytellers, chico_sbs_trees_playground::vegetation_lod::VegetationBullseye, bevy_ecs::query::filter::With<bevy_camera::camera::Camera>>"},/Users/l-monninger/.cargo/registry/src/index.crates.io-1949cf8c6b5b557f/bevy_app-0.19.0/src/app.rs,566,102625,0.000350,1,102625,102625,102625,0.000000
plugin build{plugin="lod_avian::AvianLodSceneRefreshPlugin<chico_groves::tropical_thicket::vc::TropicalThicket, chico_sbs_trees_playground::vegetation_lod::VegetationBullseye, bevy_ecs::query::filter::With<bevy_camera::camera::Camera>>"},/Users/l-monninger/.cargo/registry/src/index.crates.io-1949cf8c6b5b557f/bevy_app-0.19.0/src/app.rs,566,102458,0.000350,1,102458,102458,102458,0.000000
plugin build{plugin="lod_avian::AvianLodSceneRefreshPlugin<chico_vegetation_components::ComponentsOnly<chico_sbs_trees::high_bush_shoots::HighBushShoots>, chico_sbs_trees_playground::vegetation_lod::VegetationBullseye, bevy_ecs::query::filter::With<bevy_camera::camera::Camera>>"},/Users/l-monninger/.cargo/registry/src/index.crates.io-1949cf8c6b5b557f/bevy_app-0.19.0/src/app.rs,566,101917,0.000348,1,101917,101917,101917,0.000000
plugin build{plugin="lod_avian::AvianLodSceneRefreshPlugin<chico_vegetation_components::ComponentsOnly<chico_sbs_trees::honu_banyan::HonuBanyan>, chico_sbs_trees_playground::vegetation_lod::VegetationBullseye, bevy_ecs::query::filter::With<bevy_camera::camera::Camera>>"},/Users/l-monninger/.cargo/registry/src/index.crates.io-1949cf8c6b5b557f/bevy_app-0.19.0/src/app.rs,566,101542,0.000347,1,101542,101542,101542,0.000000
plugin build{plugin="lod_avian::AvianLodSceneRefreshPlugin<chico_vegetation_components::ComponentsOnly<chico_vegetation_components::placed_vegetation::PlacedVegetation<chico_sbs_trees::honu_banyan::HonuBanyan>>, chico_sbs_trees_playground::vegetation_lod::VegetationBullseye, bevy_ecs::query::filter::With<bevy_camera::camera::Camera>>"},/Users/l-monninger/.cargo/registry/src/index.crates.io-1949cf8c6b5b557f/bevy_app-0.19.0/src/app.rs,566,101208,0.000345,1,101208,101208,101208,0.000000
plugin build{plugin="lod_avian::AvianLodSceneRefreshPlugin<chico_vegetation_components::ComponentsOnly<chico_sbs_trees::palm_bush::PalmBush>, chico_sbs_trees_playground::vegetation_lod::VegetationBullseye, bevy_ecs::query::filter::With<bevy_camera::camera::Camera>>"},/Users/l-monninger/.cargo/registry/src/index.crates.io-1949cf8c6b5b557f/bevy_app-0.19.0/src/app.rs,566,101125,0.000345,1,101125,101125,101125,0.000000
plugin build{plugin="lod_avian::AvianLodSceneRefreshPlugin<chico_vegetation_components::foliage::node::FoliageNode, chico_sbs_trees_playground::vegetation_lod::VegetationSpotlight, bevy_ecs::query::filter::With<bevy_camera::camera::Camera>>"},/Users/l-monninger/.cargo/registry/src/index.crates.io-1949cf8c6b5b557f/bevy_app-0.19.0/src/app.rs,566,100625,0.000343,1,100625,100625,100625,0.000000
plugin build{plugin="lod_avian::AvianLodSceneRefreshPlugin<chico_vegetation_components::ComponentsOnly<chico_vegetation_components::placed_vegetation::PlacedVegetation<chico_sbs_trees::tuft_patch::TuftPatch>>, chico_sbs_trees_playground::vegetation_lod::VegetationBullseye, bevy_ecs::query::filter::With<bevy_camera::camera::Camera>>"},/Users/l-monninger/.cargo/registry/src/index.crates.io-1949cf8c6b5b557f/bevy_app-0.19.0/src/app.rs,566,100625,0.000343,1,100625,100625,100625,0.000000
